0,1
메이즈 러너: 데스 큐어,149248
그것만이 내 세상,158180
코코,151728
1987,158191
신과함께-죄와 벌,85579
강철비,155665
쥬만지: 새로운 세계,152656
위대한 쇼맨,106360
너의 췌장을 먹고 싶어,159830
1급기밀,149504
원더,151196
다키스트 아워,150687
주문은 토끼입니까?? ~디어 마이 시스터~,170427
커뮤터,152249
다운사이징,142272
골든슬럼버,158112
러빙 빈센트,144379
"쏘아올린 불꽃, 밑에서 볼까? 옆에서 볼까?",165030
페르디난드,160491
메이즈 러너: 스코치 트라이얼,129408
굿타임,154295
염력,153651
메이즈 러너,105015
직쏘,152268
맨 프럼 어스2: 홀로신,158642
스노우맨,124263
리틀 뱀파이어,144381
공동정범,153936
블랙 팬서,137326
원더 휠,167408
하우스 오브 데스,149452
지오스톰,129095
돌아와요 부산항애(愛),102953
토르: 라그나로크,134898
콜로니: 인류 최후의 날,153540
더 포리너,165791
흥부,159805
꾼,152385
서바이벌 패밀리,159645
패터슨,144975
모범생,107962
어벤져스: 인피니티 워,136315
반도에 살어리랏다,154794
블레이드 러너 2049,88227
그녀는 거짓말을 너무 사랑해,109944
맨 프럼 어스,48690
맨헌트,166463
탠저린,134906
조선명탐정: 흡혈괴마의 비밀,165748
인시디어스4: 라스트 키,158647
